"X","Y","DOY","T","N","NAME"
9.73860559,53.71763327,94,2020-04-03,41,"Pinneberg"
9.73860559,53.71763327,98,2020-04-07,47,"Pinneberg"
9.51938595,53.92892918,124,2020-05-03,48,"Steinburg"
10.33165933,53.7208162,104,2020-04-13,70,"Stormarn"
10.01586006,53.54741866,75,2020-03-15,80,"Hamburg"
10.01586006,53.54741866,77,2020-03-17,133,"Hamburg"
10.01586006,53.54741866,78,2020-03-18,134,"Hamburg"
10.01586006,53.54741866,80,2020-03-20,145,"Hamburg"
10.01586006,53.54741866,81,2020-03-21,107,"Hamburg"
10.01586006,53.54741866,83,2020-03-23,133,"Hamburg"
10.01586006,53.54741866,84,2020-03-24,207,"Hamburg"
10.01586006,53.54741866,86,2020-03-26,170,"Hamburg"
10.01586006,53.54741866,90,2020-03-30,70,"Hamburg"
10.01586006,53.54741866,91,2020-03-31,159,"Hamburg"
10.01586006,53.54741866,93,2020-04-02,167,"Hamburg"
10.01586006,53.54741866,96,2020-04-05,107,"Hamburg"
10.01586006,53.54741866,97,2020-04-06,96,"Hamburg"
10.01586006,53.54741866,98,2020-04-07,214,"Hamburg"
10.01586006,53.54741866,100,2020-04-09,114,"Hamburg"
10.01586006,53.54741866,101,2020-04-10,97,"Hamburg"
10.01586006,53.54741866,103,2020-04-12,46,"Hamburg"
10.01586006,53.54741866,108,2020-04-17,108,"Hamburg"
10.01586006,53.54741866,109,2020-04-18,39,"Hamburg"
10.01586006,53.54741866,111,2020-04-20,33,"Hamburg"
10.01586006,53.54741866,114,2020-04-23,48,"Hamburg"
10.01586006,53.54741866,74,2020-03-14,77,"Hamburg"
10.01586006,53.54741866,92,2020-04-01,138,"Hamburg"
10.01586006,53.54741866,99,2020-04-08,116,"Hamburg"
10.01586006,53.54741866,102,2020-04-11,79,"Hamburg"
10.01586006,53.54741866,72,2020-03-12,42,"Hamburg"
10.01586006,53.54741866,76,2020-03-16,80,"Hamburg"
10.01586006,53.54741866,79,2020-03-19,185,"Hamburg"
10.01586006,53.54741866,82,2020-03-22,150,"Hamburg"
10.01586006,53.54741866,85,2020-03-25,163,"Hamburg"
10.01586006,53.54741866,87,2020-03-27,141,"Hamburg"
10.01586006,53.54741866,88,2020-03-28,145,"Hamburg"
10.01586006,53.54741866,89,2020-03-29,115,"Hamburg"
10.01586006,53.54741866,94,2020-04-03,157,"Hamburg"
10.01586006,53.54741866,95,2020-04-04,112,"Hamburg"
10.01586006,53.54741866,105,2020-04-14,76,"Hamburg"
10.01586006,53.54741866,106,2020-04-15,83,"Hamburg"
10.01586006,53.54741866,112,2020-04-21,58,"Hamburg"
10.01586006,53.54741866,116,2020-04-25,44,"Hamburg"
10.01586006,53.54741866,113,2020-04-22,49,"Hamburg"
10.01586006,53.54741866,73,2020-03-13,38,"Hamburg"
10.01586006,53.54741866,104,2020-04-13,41,"Hamburg"
10.01586006,53.54741866,107,2020-04-16,74,"Hamburg"
10.01586006,53.54741866,115,2020-04-24,42,"Hamburg"
10.01586006,53.54741866,120,2020-04-29,42,"Hamburg"
10.78489283,52.41075772,87,2020-03-27,63,"Wolfsburg"
10.08802527,51.56400468,170,2020-06-18,53,"Göttingen"
10.08802527,51.56400468,171,2020-06-19,41,"Göttingen"
10.08802527,51.56400468,101,2020-04-10,34,"Göttingen"
10.08802527,51.56400468,106,2020-04-15,49,"Göttingen"
10.08802527,51.56400468,103,2020-04-12,54,"Göttingen"
10.08802527,51.56400468,109,2020-04-18,45,"Göttingen"
9.71976028,52.42192535,79,2020-03-19,59,"Hannover"
9.71976028,52.42192535,88,2020-03-28,47,"Hannover"
9.71976028,52.42192535,149,2020-05-28,34,"Hannover"
9.71976028,52.42192535,84,2020-03-24,70,"Hannover"
9.71976028,52.42192535,86,2020-03-26,84,"Hannover"
9.71976028,52.42192535,87,2020-03-27,53,"Hannover"
9.71976028,52.42192535,148,2020-05-27,60,"Hannover"
9.71976028,52.42192535,155,2020-06-03,37,"Hannover"
9.71976028,52.42192535,77,2020-03-17,33,"Hannover"
9.71976028,52.42192535,78,2020-03-18,72,"Hannover"
9.71976028,52.42192535,85,2020-03-25,102,"Hannover"
9.71976028,52.42192535,90,2020-03-30,61,"Hannover"
9.71976028,52.42192535,91,2020-03-31,45,"Hannover"
9.71976028,52.42192535,92,2020-04-01,80,"Hannover"
9.71976028,52.42192535,93,2020-04-02,51,"Hannover"
9.71976028,52.42192535,97,2020-04-06,39,"Hannover"
9.71976028,52.42192535,98,2020-04-07,77,"Hannover"
9.71976028,52.42192535,99,2020-04-08,79,"Hannover"
9.71976028,52.42192535,100,2020-04-09,75,"Hannover"
9.71976028,52.42192535,105,2020-04-14,42,"Hannover"
9.71976028,52.42192535,114,2020-04-23,31,"Hannover"
9.71976028,52.42192535,128,2020-05-07,34,"Hannover"
9.71976028,52.42192535,80,2020-03-20,61,"Hannover"
9.71976028,52.42192535,83,2020-03-23,40,"Hannover"
9.71976028,52.42192535,89,2020-03-29,49,"Hannover"
9.71976028,52.42192535,109,2020-04-18,31,"Hannover"
9.71976028,52.42192535,112,2020-04-21,37,"Hannover"
9.71976028,52.42192535,94,2020-04-03,59,"Hannover"
9.71976028,52.42192535,107,2020-04-16,49,"Hannover"
9.71976028,52.42192535,108,2020-04-17,52,"Hannover"
9.71976028,52.42192535,121,2020-04-30,34,"Hannover"
9.71976028,52.42192535,161,2020-06-09,35,"Hannover"
9.96280848,53.3157949,94,2020-04-03,38,"Harburg"
7.40269239,52.7382944,101,2020-04-10,31,"Emsland"
7.40269239,52.7382944,98,2020-04-07,31,"Emsland"
8.3893775,52.98807436,88,2020-03-28,44,"Oldenburg"
8.04509824,52.38159455,94,2020-04-03,49,"Osnabrück"
8.04509824,52.38159455,98,2020-04-07,72,"Osnabrück"
8.04509824,52.38159455,101,2020-04-10,49,"Osnabrück"
8.04509824,52.38159455,86,2020-03-26,31,"Osnabrück"
8.04509824,52.38159455,97,2020-04-06,46,"Osnabrück"
8.04509824,52.38159455,125,2020-05-04,32,"Osnabrück"
8.04509824,52.38159455,139,2020-05-18,45,"Osnabrück"
8.04509824,52.38159455,143,2020-05-22,53,"Osnabrück"
8.22305493,52.66019319,87,2020-03-27,31,"Vechta"
8.78079381,53.11911624,86,2020-03-26,31,"Bremen"
8.78079381,53.11911624,94,2020-04-03,32,"Bremen"
8.78079381,53.11911624,107,2020-04-16,44,"Bremen"
8.78079381,53.11911624,113,2020-04-22,108,"Bremen"
8.78079381,53.11911624,119,2020-04-28,37,"Bremen"
8.78079381,53.11911624,120,2020-04-29,38,"Bremen"
8.78079381,53.11911624,127,2020-05-06,46,"Bremen"
8.78079381,53.11911624,79,2020-03-19,38,"Bremen"
8.78079381,53.11911624,98,2020-04-07,35,"Bremen"
6.81011215,51.23549702,127,2020-05-06,34,"Düsseldorf"
6.81011215,51.23549702,134,2020-05-13,31,"Düsseldorf"
6.81011215,51.23549702,91,2020-03-31,46,"Düsseldorf"
6.81011215,51.23549702,76,2020-03-16,42,"Düsseldorf"
6.81011215,51.23549702,78,2020-03-18,36,"Düsseldorf"
6.81011215,51.23549702,93,2020-04-02,46,"Düsseldorf"
6.81011215,51.23549702,90,2020-03-30,54,"Düsseldorf"
6.81011215,51.23549702,99,2020-04-08,45,"Düsseldorf"
6.81011215,51.23549702,77,2020-03-17,63,"Düsseldorf"
6.81011215,51.23549702,83,2020-03-23,46,"Düsseldorf"
6.81011215,51.23549702,94,2020-04-03,31,"Düsseldorf"
6.81011215,51.23549702,97,2020-04-06,55,"Düsseldorf"
6.81011215,51.23549702,106,2020-04-15,32,"Düsseldorf"
6.73469514,51.43963151,86,2020-03-26,34,"Duisburg"
6.73469514,51.43963151,99,2020-04-08,41,"Duisburg"
6.73469514,51.43963151,177,2020-06-25,43,"Duisburg"
6.73469514,51.43963151,140,2020-05-19,32,"Duisburg"
6.73469514,51.43963151,156,2020-06-04,34,"Duisburg"
7.0171181,51.43384363,79,2020-03-19,73,"Essen"
7.0171181,51.43384363,83,2020-03-23,54,"Essen"
7.0171181,51.43384363,111,2020-04-20,172,"Essen"
7.0171181,51.43384363,75,2020-03-15,38,"Essen"
7.0171181,51.43384363,81,2020-03-21,44,"Essen"
7.0171181,51.43384363,87,2020-03-27,36,"Essen"
7.0171181,51.43384363,97,2020-04-06,36,"Essen"
6.57968019,51.34524742,110,2020-04-19,42,"Krefeld"
6.57968019,51.34524742,87,2020-03-27,31,"Krefeld"
7.16889878,51.25064786,91,2020-03-31,43,"Wuppertal"
7.16889878,51.25064786,95,2020-04-04,31,"Wuppertal"
7.16889878,51.25064786,97,2020-04-06,40,"Wuppertal"
7.16889878,51.25064786,99,2020-04-08,80,"Wuppertal"
7.16889878,51.25064786,108,2020-04-17,58,"Wuppertal"
6.2588116,51.65236955,88,2020-03-28,34,"Kleve"
6.2588116,51.65236955,102,2020-04-11,48,"Kleve"
6.96903888,51.25707712,98,2020-04-07,31,"Mettmann"
6.96903888,51.25707712,83,2020-03-23,39,"Mettmann"
6.96903888,51.25707712,81,2020-03-21,37,"Mettmann"
6.96903888,51.25707712,99,2020-04-08,44,"Mettmann"
6.96903888,51.25707712,100,2020-04-09,47,"Mettmann"
6.96903888,51.25707712,105,2020-04-14,31,"Mettmann"
6.64933395,51.14358626,93,2020-04-02,31,"Rhein-Kreis Neuss"
6.64933395,51.14358626,85,2020-03-25,34,"Rhein-Kreis Neuss"
6.64933395,51.14358626,79,2020-03-19,36,"Rhein-Kreis Neuss"
6.64933395,51.14358626,86,2020-03-26,31,"Rhein-Kreis Neuss"
6.64933395,51.14358626,87,2020-03-27,34,"Rhein-Kreis Neuss"
6.64933395,51.14358626,89,2020-03-29,33,"Rhein-Kreis Neuss"
6.64933395,51.14358626,84,2020-03-24,43,"Rhein-Kreis Neuss"
6.32614165,51.28282025,94,2020-04-03,44,"Viersen"
6.32614165,51.28282025,91,2020-03-31,45,"Viersen"
6.61836304,51.62703131,177,2020-06-25,48,"Wesel"
7.10981244,50.70581237,77,2020-03-17,34,"Bonn"
7.10981244,50.70581237,93,2020-04-02,32,"Bonn"
7.10981244,50.70581237,95,2020-04-04,31,"Bonn"
7.10981244,50.70581237,80,2020-03-20,31,"Bonn"
6.97332905,50.94563178,74,2020-03-14,89,"Köln"
6.97332905,50.94563178,76,2020-03-16,45,"Köln"
6.97332905,50.94563178,81,2020-03-21,59,"Köln"
6.97332905,50.94563178,93,2020-04-02,72,"Köln"
6.97332905,50.94563178,103,2020-04-12,31,"Köln"
6.97332905,50.94563178,84,2020-03-24,89,"Köln"
6.97332905,50.94563178,90,2020-03-30,64,"Köln"
6.97332905,50.94563178,92,2020-04-01,122,"Köln"
6.97332905,50.94563178,100,2020-04-09,45,"Köln"
6.97332905,50.94563178,77,2020-03-17,100,"Köln"
6.97332905,50.94563178,79,2020-03-19,105,"Köln"
6.97332905,50.94563178,85,2020-03-25,77,"Köln"
6.97332905,50.94563178,88,2020-03-28,80,"Köln"
6.97332905,50.94563178,99,2020-04-08,70,"Köln"
6.97332905,50.94563178,72,2020-03-12,40,"Köln"
6.97332905,50.94563178,73,2020-03-13,48,"Köln"
6.97332905,50.94563178,75,2020-03-15,35,"Köln"
6.97332905,50.94563178,78,2020-03-18,90,"Köln"
6.97332905,50.94563178,80,2020-03-20,98,"Köln"
6.97332905,50.94563178,82,2020-03-22,47,"Köln"
6.97332905,50.94563178,83,2020-03-23,48,"Köln"
6.97332905,50.94563178,86,2020-03-26,61,"Köln"
6.97332905,50.94563178,87,2020-03-27,84,"Köln"
6.97332905,50.94563178,89,2020-03-29,56,"Köln"
6.97332905,50.94563178,91,2020-03-31,89,"Köln"
6.97332905,50.94563178,94,2020-04-03,50,"Köln"
6.97332905,50.94563178,97,2020-04-06,40,"Köln"
6.97332905,50.94563178,98,2020-04-07,55,"Köln"
6.21678512,50.72828045,79,2020-03-19,49,"Aachen"
6.21678512,50.72828045,86,2020-03-26,53,"Aachen"
6.21678512,50.72828045,87,2020-03-27,41,"Aachen"
6.21678512,50.72828045,90,2020-03-30,49,"Aachen"
6.21678512,50.72828045,98,2020-04-07,81,"Aachen"
6.21678512,50.72828045,112,2020-04-21,35,"Aachen"
6.21678512,50.72828045,80,2020-03-20,114,"Aachen"
6.21678512,50.72828045,84,2020-03-24,58,"Aachen"
6.21678512,50.72828045,74,2020-03-14,53,"Aachen"
6.21678512,50.72828045,77,2020-03-17,58,"Aachen"
6.21678512,50.72828045,85,2020-03-25,83,"Aachen"
6.21678512,50.72828045,93,2020-04-02,86,"Aachen"
6.21678512,50.72828045,94,2020-04-03,70,"Aachen"
6.21678512,50.72828045,95,2020-04-04,51,"Aachen"
6.21678512,50.72828045,99,2020-04-08,51,"Aachen"
6.21678512,50.72828045,113,2020-04-22,40,"Aachen"
6.21678512,50.72828045,89,2020-03-29,41,"Aachen"
6.21678512,50.72828045,91,2020-03-31,60,"Aachen"
6.21678512,50.72828045,92,2020-04-01,97,"Aachen"
6.21678512,50.72828045,101,2020-04-10,37,"Aachen"
6.21678512,50.72828045,106,2020-04-15,54,"Aachen"
6.21678512,50.72828045,81,2020-03-21,65,"Aachen"
6.21678512,50.72828045,88,2020-03-28,49,"Aachen"
6.21678512,50.72828045,100,2020-04-09,59,"Aachen"
6.21678512,50.72828045,107,2020-04-16,32,"Aachen"
6.4455737,50.81795399,93,2020-04-02,44,"Düren"
6.71642398,50.90502138,80,2020-03-20,40,"Rhein-Erft-Kreis"
6.71642398,50.90502138,98,2020-04-07,40,"Rhein-Erft-Kreis"
6.71642398,50.90502138,89,2020-03-29,45,"Rhein-Erft-Kreis"
6.71642398,50.90502138,92,2020-04-01,42,"Rhein-Erft-Kreis"
6.71642398,50.90502138,90,2020-03-30,35,"Rhein-Erft-Kreis"
6.71642398,50.90502138,108,2020-04-17,38,"Rhein-Erft-Kreis"
6.71642398,50.90502138,93,2020-04-02,52,"Rhein-Erft-Kreis"
6.71642398,50.90502138,94,2020-04-03,46,"Rhein-Erft-Kreis"
6.71642398,50.90502138,85,2020-03-25,31,"Rhein-Erft-Kreis"
6.71642398,50.90502138,91,2020-03-31,31,"Rhein-Erft-Kreis"
6.71642398,50.90502138,96,2020-04-05,32,"Rhein-Erft-Kreis"
6.71642398,50.90502138,97,2020-04-06,63,"Rhein-Erft-Kreis"
6.71642398,50.90502138,99,2020-04-08,39,"Rhein-Erft-Kreis"
6.71642398,50.90502138,100,2020-04-09,64,"Rhein-Erft-Kreis"
6.64413931,50.53644657,94,2020-04-03,41,"Euskirchen"
6.16405691,51.04936412,65,2020-03-05,55,"Heinsberg"
6.16405691,51.04936412,72,2020-03-12,66,"Heinsberg"
6.16405691,51.04936412,77,2020-03-17,74,"Heinsberg"
6.16405691,51.04936412,91,2020-03-31,40,"Heinsberg"
6.16405691,51.04936412,71,2020-03-11,65,"Heinsberg"
6.16405691,51.04936412,86,2020-03-26,61,"Heinsberg"
6.16405691,51.04936412,73,2020-03-13,74,"Heinsberg"
6.16405691,51.04936412,80,2020-03-20,41,"Heinsberg"
6.16405691,51.04936412,87,2020-03-27,58,"Heinsberg"
6.16405691,51.04936412,108,2020-04-17,54,"Heinsberg"
6.16405691,51.04936412,64,2020-03-04,45,"Heinsberg"
6.16405691,51.04936412,67,2020-03-07,47,"Heinsberg"
6.16405691,51.04936412,69,2020-03-09,44,"Heinsberg"
6.16405691,51.04936412,70,2020-03-10,66,"Heinsberg"
6.16405691,51.04936412,74,2020-03-14,37,"Heinsberg"
6.16405691,51.04936412,76,2020-03-16,66,"Heinsberg"
6.16405691,51.04936412,79,2020-03-19,59,"Heinsberg"
6.16405691,51.04936412,85,2020-03-25,53,"Heinsberg"
6.16405691,51.04936412,92,2020-04-01,73,"Heinsberg"
6.16405691,51.04936412,99,2020-04-08,33,"Heinsberg"
7.51663599,51.01270438,89,2020-03-29,34,"Oberbergischer Kreis"
7.23452788,50.760624,87,2020-03-27,57,"Rhein-Sieg-Kreis"
7.23452788,50.760624,139,2020-05-18,89,"Rhein-Sieg-Kreis"
7.23452788,50.760624,94,2020-04-03,74,"Rhein-Sieg-Kreis"
7.23452788,50.760624,85,2020-03-25,44,"Rhein-Sieg-Kreis"
7.23452788,50.760624,105,2020-04-14,42,"Rhein-Sieg-Kreis"
7.23452788,50.760624,106,2020-04-15,32,"Rhein-Sieg-Kreis"
7.23452788,50.760624,136,2020-05-15,33,"Rhein-Sieg-Kreis"
7.23452788,50.760624,83,2020-03-23,93,"Rhein-Sieg-Kreis"
7.23452788,50.760624,79,2020-03-19,46,"Rhein-Sieg-Kreis"
7.23452788,50.760624,84,2020-03-24,46,"Rhein-Sieg-Kreis"
7.23452788,50.760624,86,2020-03-26,49,"Rhein-Sieg-Kreis"
7.23452788,50.760624,88,2020-03-28,32,"Rhein-Sieg-Kreis"
7.23452788,50.760624,90,2020-03-30,31,"Rhein-Sieg-Kreis"
7.23452788,50.760624,97,2020-04-06,38,"Rhein-Sieg-Kreis"
7.23452788,50.760624,99,2020-04-08,44,"Rhein-Sieg-Kreis"
7.62365021,51.95431708,79,2020-03-19,48,"Münster"
7.62365021,51.95431708,80,2020-03-20,37,"Münster"
7.62365021,51.95431708,84,2020-03-24,36,"Münster"
7.62365021,51.95431708,86,2020-03-26,32,"Münster"
7.62365021,51.95431708,87,2020-03-27,36,"Münster"
6.89962283,51.96131968,76,2020-03-16,45,"Borken"
6.89962283,51.96131968,78,2020-03-18,51,"Borken"
6.89962283,51.96131968,80,2020-03-20,34,"Borken"
6.89962283,51.96131968,93,2020-04-02,37,"Borken"
6.89962283,51.96131968,94,2020-04-03,40,"Borken"
6.89962283,51.96131968,79,2020-03-19,39,"Borken"
6.89962283,51.96131968,91,2020-03-31,33,"Borken"
6.89962283,51.96131968,92,2020-04-01,52,"Borken"
6.89962283,51.96131968,147,2020-05-26,31,"Borken"
6.89962283,51.96131968,77,2020-03-17,33,"Borken"
7.36600477,51.86685307,83,2020-03-23,36,"Coesfeld"
7.36600477,51.86685307,87,2020-03-27,33,"Coesfeld"
7.36600477,51.86685307,89,2020-03-29,53,"Coesfeld"
7.36600477,51.86685307,128,2020-05-07,75,"Coesfeld"
7.36600477,51.86685307,130,2020-05-09,31,"Coesfeld"
7.36600477,51.86685307,131,2020-05-10,31,"Coesfeld"
7.15923866,51.67246189,92,2020-04-01,34,"Recklinghausen"
7.15923866,51.67246189,100,2020-04-09,46,"Recklinghausen"
7.15923866,51.67246189,109,2020-04-18,53,"Recklinghausen"
7.15923866,51.67246189,121,2020-04-30,34,"Recklinghausen"
7.15923866,51.67246189,83,2020-03-23,33,"Recklinghausen"
7.15923866,51.67246189,87,2020-03-27,51,"Recklinghausen"
7.15923866,51.67246189,106,2020-04-15,63,"Recklinghausen"
7.15923866,51.67246189,112,2020-04-21,38,"Recklinghausen"
7.15923866,51.67246189,91,2020-03-31,34,"Recklinghausen"
7.15923866,51.67246189,95,2020-04-04,40,"Recklinghausen"
7.15923866,51.67246189,94,2020-04-03,33,"Recklinghausen"
7.15923866,51.67246189,111,2020-04-20,33,"Recklinghausen"
7.57945898,52.21154118,77,2020-03-17,59,"Steinfurt"
7.57945898,52.21154118,88,2020-03-28,34,"Steinfurt"
7.57945898,52.21154118,93,2020-04-02,68,"Steinfurt"
7.57945898,52.21154118,97,2020-04-06,67,"Steinfurt"
7.57945898,52.21154118,99,2020-04-08,59,"Steinfurt"
7.57945898,52.21154118,100,2020-04-09,54,"Steinfurt"
7.57945898,52.21154118,92,2020-04-01,31,"Steinfurt"
7.57945898,52.21154118,102,2020-04-11,40,"Steinfurt"
7.57945898,52.21154118,79,2020-03-19,31,"Steinfurt"
7.57945898,52.21154118,84,2020-03-24,32,"Steinfurt"
7.57945898,52.21154118,105,2020-04-14,48,"Steinfurt"
7.57945898,52.21154118,83,2020-03-23,42,"Steinfurt"
7.57945898,52.21154118,94,2020-04-03,32,"Steinfurt"
7.57945898,52.21154118,95,2020-04-04,49,"Steinfurt"
7.57945898,52.21154118,98,2020-04-07,50,"Steinfurt"
7.95830678,51.87021707,80,2020-03-20,32,"Warendorf"
7.95830678,51.87021707,169,2020-06-17,52,"Warendorf"
7.95830678,51.87021707,171,2020-06-19,122,"Warendorf"
8.54074887,52.01093837,85,2020-03-25,51,"Bielefeld"
8.54074887,52.01093837,99,2020-04-08,31,"Bielefeld"
8.54074887,52.01093837,83,2020-03-23,32,"Bielefeld"
8.54074887,52.01093837,107,2020-04-16,54,"Bielefeld"
8.35138639,51.93171351,172,2020-06-20,158,"Gütersloh"
8.35138639,51.93171351,174,2020-06-22,150,"Gütersloh"
8.35138639,51.93171351,176,2020-06-24,33,"Gütersloh"
8.35138639,51.93171351,179,2020-06-27,51,"Gütersloh"
8.35138639,51.93171351,169,2020-06-17,419,"Gütersloh"
8.35138639,51.93171351,171,2020-06-19,150,"Gütersloh"
8.35138639,51.93171351,177,2020-06-25,35,"Gütersloh"
8.35138639,51.93171351,180,2020-06-28,36,"Gütersloh"
8.35138639,51.93171351,181,2020-06-29,57,"Gütersloh"
8.35138639,51.93171351,170,2020-06-18,56,"Gütersloh"
8.35138639,51.93171351,76,2020-03-16,34,"Gütersloh"
8.35138639,51.93171351,79,2020-03-19,42,"Gütersloh"
8.35138639,51.93171351,167,2020-06-15,31,"Gütersloh"
8.35138639,51.93171351,168,2020-06-16,73,"Gütersloh"
8.35138639,51.93171351,173,2020-06-21,113,"Gütersloh"
8.35138639,51.93171351,175,2020-06-23,65,"Gütersloh"
8.35138639,51.93171351,178,2020-06-26,46,"Gütersloh"
8.9508404,51.98142544,111,2020-04-20,35,"Lippe"
8.9508404,51.98142544,78,2020-03-18,31,"Lippe"
8.9508404,51.98142544,94,2020-04-03,31,"Lippe"
8.9508404,51.98142544,105,2020-04-14,35,"Lippe"
8.73930661,52.35248116,91,2020-03-31,36,"Minden-Lübbecke"
8.71964202,51.66417547,92,2020-04-01,36,"Paderborn"
8.71964202,51.66417547,97,2020-04-06,56,"Paderborn"
8.71964202,51.66417547,90,2020-03-30,38,"Paderborn"
8.71964202,51.66417547,93,2020-04-02,46,"Paderborn"
8.71964202,51.66417547,98,2020-04-07,34,"Paderborn"
7.22497115,51.4699074,101,2020-04-10,38,"Bochum"
7.22497115,51.4699074,107,2020-04-16,45,"Bochum"
7.47489162,51.51607333,92,2020-04-01,34,"Dortmund"
7.47489162,51.51607333,77,2020-03-17,32,"Dortmund"
7.47489162,51.51607333,80,2020-03-20,35,"Dortmund"
7.47489162,51.51607333,93,2020-04-02,31,"Dortmund"
7.47489162,51.51607333,98,2020-04-07,48,"Dortmund"
7.82358594,51.6651745,93,2020-04-02,37,"Hamm"
8.38507291,51.30682718,100,2020-04-09,36,"Hochsauerlandkreis"
8.38507291,51.30682718,91,2020-03-31,34,"Hochsauerlandkreis"
8.38507291,51.30682718,79,2020-03-19,32,"Hochsauerlandkreis"
8.38507291,51.30682718,93,2020-04-02,31,"Hochsauerlandkreis"
7.71303556,51.26256356,101,2020-04-10,31,"Märkischer Kreis"
7.71303556,51.26256356,107,2020-04-16,33,"Märkischer Kreis"
7.71303556,51.26256356,100,2020-04-09,45,"Märkischer Kreis"
7.97655338,51.08615726,100,2020-04-09,31,"Olpe"
7.97655338,51.08615726,99,2020-04-08,31,"Olpe"
8.21744827,51.56442399,81,2020-03-21,35,"Soest"
7.63643866,51.5785655,108,2020-04-17,34,"Unna"
7.63643866,51.5785655,84,2020-03-24,32,"Unna"
7.63643866,51.5785655,94,2020-04-03,34,"Unna"
7.63643866,51.5785655,95,2020-04-04,32,"Unna"
8.6441919,50.11795975,86,2020-03-26,48,"Frankfurt am Main"
8.6441919,50.11795975,95,2020-04-04,37,"Frankfurt am Main"
8.6441919,50.11795975,98,2020-04-07,42,"Frankfurt am Main"
8.6441919,50.11795975,102,2020-04-11,33,"Frankfurt am Main"
8.6441919,50.11795975,108,2020-04-17,37,"Frankfurt am Main"
8.6441919,50.11795975,138,2020-05-17,55,"Frankfurt am Main"
8.6441919,50.11795975,93,2020-04-02,40,"Frankfurt am Main"
8.6441919,50.11795975,77,2020-03-17,31,"Frankfurt am Main"
8.6441919,50.11795975,99,2020-04-08,58,"Frankfurt am Main"
8.6441919,50.11795975,100,2020-04-09,57,"Frankfurt am Main"
8.6441919,50.11795975,105,2020-04-14,52,"Frankfurt am Main"
8.6441919,50.11795975,92,2020-04-01,45,"Frankfurt am Main"
8.6441919,50.11795975,106,2020-04-15,39,"Frankfurt am Main"
8.6441919,50.11795975,83,2020-03-23,32,"Frankfurt am Main"
8.6441919,50.11795975,87,2020-03-27,34,"Frankfurt am Main"
8.6441919,50.11795975,89,2020-03-29,41,"Frankfurt am Main"
8.6441919,50.11795975,91,2020-03-31,38,"Frankfurt am Main"
8.26036399,50.07918214,83,2020-03-23,34,"Wiesbaden"
8.19944317,50.42743701,83,2020-03-23,33,"Limburg-Weilburg"
9.37366165,51.02377742,87,2020-03-27,32,"Schwalm-Eder-Kreis"
9.37366165,51.02377742,93,2020-04-02,38,"Schwalm-Eder-Kreis"
8.24150493,49.97420419,147,2020-05-26,36,"Mainz"
9.1720653,48.77457498,74,2020-03-14,33,"Stuttgart"
9.1720653,48.77457498,80,2020-03-20,62,"Stuttgart"
9.1720653,48.77457498,84,2020-03-24,36,"Stuttgart"
9.1720653,48.77457498,81,2020-03-21,45,"Stuttgart"
9.1720653,48.77457498,85,2020-03-25,36,"Stuttgart"
9.1720653,48.77457498,89,2020-03-29,43,"Stuttgart"
9.1720653,48.77457498,73,2020-03-13,38,"Stuttgart"
9.1720653,48.77457498,76,2020-03-16,70,"Stuttgart"
9.1720653,48.77457498,78,2020-03-18,67,"Stuttgart"
9.1720653,48.77457498,79,2020-03-19,34,"Stuttgart"
9.1720653,48.77457498,86,2020-03-26,64,"Stuttgart"
9.1720653,48.77457498,87,2020-03-27,56,"Stuttgart"
9.1720653,48.77457498,88,2020-03-28,37,"Stuttgart"
9.1720653,48.77457498,91,2020-03-31,45,"Stuttgart"
9.1720653,48.77457498,92,2020-04-01,38,"Stuttgart"
9.1720653,48.77457498,98,2020-04-07,35,"Stuttgart"
9.1720653,48.77457498,103,2020-04-12,45,"Stuttgart"
8.94275898,48.67821584,84,2020-03-24,50,"Böblingen"
8.94275898,48.67821584,96,2020-04-05,65,"Böblingen"
8.94275898,48.67821584,86,2020-03-26,58,"Böblingen"
8.94275898,48.67821584,88,2020-03-28,51,"Böblingen"
8.94275898,48.67821584,92,2020-04-01,83,"Böblingen"
8.94275898,48.67821584,93,2020-04-02,55,"Böblingen"
8.94275898,48.67821584,95,2020-04-04,40,"Böblingen"
8.94275898,48.67821584,81,2020-03-21,39,"Böblingen"
8.94275898,48.67821584,83,2020-03-23,53,"Böblingen"
8.94275898,48.67821584,89,2020-03-29,44,"Böblingen"
8.94275898,48.67821584,91,2020-03-31,53,"Böblingen"
8.94275898,48.67821584,94,2020-04-03,49,"Böblingen"
8.94275898,48.67821584,98,2020-04-07,39,"Böblingen"
8.94275898,48.67821584,100,2020-04-09,59,"Böblingen"
8.94275898,48.67821584,78,2020-03-18,44,"Böblingen"
8.94275898,48.67821584,79,2020-03-19,36,"Böblingen"
8.94275898,48.67821584,80,2020-03-20,62,"Böblingen"
8.94275898,48.67821584,85,2020-03-25,36,"Böblingen"
8.94275898,48.67821584,87,2020-03-27,62,"Böblingen"
8.94275898,48.67821584,90,2020-03-30,37,"Böblingen"
8.94275898,48.67821584,97,2020-04-06,31,"Böblingen"
8.94275898,48.67821584,102,2020-04-11,35,"Böblingen"
9.3690621,48.64803479,76,2020-03-16,77,"Esslingen"
9.3690621,48.64803479,84,2020-03-24,69,"Esslingen"
9.3690621,48.64803479,100,2020-04-09,50,"Esslingen"
9.3690621,48.64803479,87,2020-03-27,61,"Esslingen"
9.3690621,48.64803479,78,2020-03-18,50,"Esslingen"
9.3690621,48.64803479,79,2020-03-19,36,"Esslingen"
9.3690621,48.64803479,91,2020-03-31,72,"Esslingen"
9.3690621,48.64803479,95,2020-04-04,40,"Esslingen"
9.3690621,48.64803479,99,2020-04-08,44,"Esslingen"
9.3690621,48.64803479,74,2020-03-14,38,"Esslingen"
9.3690621,48.64803479,80,2020-03-20,77,"Esslingen"
9.3690621,48.64803479,112,2020-04-21,46,"Esslingen"
9.3690621,48.64803479,77,2020-03-17,50,"Esslingen"
9.3690621,48.64803479,82,2020-03-22,50,"Esslingen"
9.3690621,48.64803479,85,2020-03-25,41,"Esslingen"
9.3690621,48.64803479,86,2020-03-26,62,"Esslingen"
9.3690621,48.64803479,88,2020-03-28,39,"Esslingen"
9.3690621,48.64803479,90,2020-03-30,68,"Esslingen"
9.3690621,48.64803479,92,2020-04-01,56,"Esslingen"
9.3690621,48.64803479,93,2020-04-02,63,"Esslingen"
9.3690621,48.64803479,94,2020-04-03,51,"Esslingen"
9.3690621,48.64803479,98,2020-04-07,56,"Esslingen"
9.3690621,48.64803479,101,2020-04-10,46,"Esslingen"
9.3690621,48.64803479,103,2020-04-12,44,"Esslingen"
9.71748017,48.66314182,85,2020-03-25,32,"Göppingen"
9.71748017,48.66314182,80,2020-03-20,33,"Göppingen"
9.71748017,48.66314182,91,2020-03-31,52,"Göppingen"
9.71748017,48.66314182,79,2020-03-19,37,"Göppingen"
9.71748017,48.66314182,87,2020-03-27,42,"Göppingen"
9.12436929,48.94059411,74,2020-03-14,34,"Ludwigsburg"
9.12436929,48.94059411,87,2020-03-27,89,"Ludwigsburg"
9.12436929,48.94059411,88,2020-03-28,53,"Ludwigsburg"
9.12436929,48.94059411,90,2020-03-30,46,"Ludwigsburg"
9.12436929,48.94059411,94,2020-04-03,85,"Ludwigsburg"
9.12436929,48.94059411,95,2020-04-04,38,"Ludwigsburg"
9.12436929,48.94059411,99,2020-04-08,57,"Ludwigsburg"
9.12436929,48.94059411,84,2020-03-24,46,"Ludwigsburg"
9.12436929,48.94059411,92,2020-04-01,58,"Ludwigsburg"
9.12436929,48.94059411,77,2020-03-17,31,"Ludwigsburg"
9.12436929,48.94059411,78,2020-03-18,42,"Ludwigsburg"
9.12436929,48.94059411,80,2020-03-20,44,"Ludwigsburg"
9.12436929,48.94059411,83,2020-03-23,64,"Ludwigsburg"
9.12436929,48.94059411,91,2020-03-31,64,"Ludwigsburg"
9.12436929,48.94059411,93,2020-04-02,82,"Ludwigsburg"
9.12436929,48.94059411,79,2020-03-19,31,"Ludwigsburg"
9.12436929,48.94059411,85,2020-03-25,65,"Ludwigsburg"
9.12436929,48.94059411,86,2020-03-26,83,"Ludwigsburg"
9.12436929,48.94059411,98,2020-04-07,62,"Ludwigsburg"
9.12436929,48.94059411,100,2020-04-09,50,"Ludwigsburg"
9.12436929,48.94059411,102,2020-04-11,34,"Ludwigsburg"
9.12436929,48.94059411,107,2020-04-16,38,"Ludwigsburg"
9.12436929,48.94059411,109,2020-04-18,33,"Ludwigsburg"
9.12436929,48.94059411,113,2020-04-22,40,"Ludwigsburg"
9.12436929,48.94059411,114,2020-04-23,42,"Ludwigsburg"
9.5012388,48.89899498,81,2020-03-21,43,"Rems-Murr-Kreis"
9.5012388,48.89899498,84,2020-03-24,33,"Rems-Murr-Kreis"
9.5012388,48.89899498,98,2020-04-07,40,"Rems-Murr-Kreis"
9.5012388,48.89899498,116,2020-04-25,39,"Rems-Murr-Kreis"
9.5012388,48.89899498,87,2020-03-27,61,"Rems-Murr-Kreis"
9.5012388,48.89899498,92,2020-04-01,58,"Rems-Murr-Kreis"
9.5012388,48.89899498,80,2020-03-20,31,"Rems-Murr-Kreis"
9.5012388,48.89899498,85,2020-03-25,39,"Rems-Murr-Kreis"
9.5012388,48.89899498,86,2020-03-26,67,"Rems-Murr-Kreis"
9.5012388,48.89899498,88,2020-03-28,36,"Rems-Murr-Kreis"
9.5012388,48.89899498,89,2020-03-29,38,"Rems-Murr-Kreis"
9.5012388,48.89899498,93,2020-04-02,54,"Rems-Murr-Kreis"
9.5012388,48.89899498,91,2020-03-31,53,"Rems-Murr-Kreis"
9.5012388,48.89899498,95,2020-04-04,35,"Rems-Murr-Kreis"
9.5012388,48.89899498,94,2020-04-03,105,"Rems-Murr-Kreis"
9.5012388,48.89899498,99,2020-04-08,51,"Rems-Murr-Kreis"
9.5012388,48.89899498,107,2020-04-16,31,"Rems-Murr-Kreis"
9.18230914,49.15273179,93,2020-04-02,36,"Heilbronn"
9.19078953,49.17719282,85,2020-03-25,33,"Heilbronn"
9.19078953,49.17719282,78,2020-03-18,39,"Heilbronn"
9.19078953,49.17719282,82,2020-03-22,31,"Heilbronn"
9.19078953,49.17719282,86,2020-03-26,46,"Heilbronn"
9.19078953,49.17719282,100,2020-04-09,34,"Heilbronn"
9.19078953,49.17719282,109,2020-04-18,31,"Heilbronn"
9.61413778,49.27154214,78,2020-03-18,45,"Hohenlohekreis"
9.61413778,49.27154214,77,2020-03-17,66,"Hohenlohekreis"
9.61413778,49.27154214,80,2020-03-20,36,"Hohenlohekreis"
9.61413778,49.27154214,87,2020-03-27,39,"Hohenlohekreis"
9.61413778,49.27154214,89,2020-03-29,40,"Hohenlohekreis"
9.61413778,49.27154214,92,2020-04-01,34,"Hohenlohekreis"
9.61413778,49.27154214,97,2020-04-06,32,"Hohenlohekreis"
9.90893845,49.14447453,86,2020-03-26,54,"Schwäbisch Hall"
9.90893845,49.14447453,99,2020-04-08,33,"Schwäbisch Hall"
9.90893845,49.14447453,92,2020-04-01,41,"Schwäbisch Hall"
9.90893845,49.14447453,93,2020-04-02,37,"Schwäbisch Hall"
9.90893845,49.14447453,94,2020-04-03,40,"Schwäbisch Hall"
9.90893845,49.14447453,95,2020-04-04,35,"Schwäbisch Hall"
9.72508374,49.56069626,95,2020-04-04,39,"Main-Tauber-Kreis"
10.18215055,48.66228128,102,2020-04-11,34,"Heidenheim"
10.18215055,48.66228128,120,2020-04-29,38,"Heidenheim"
10.18215055,48.66228128,91,2020-03-31,36,"Heidenheim"
10.18215055,48.66228128,90,2020-03-30,35,"Heidenheim"
10.0901398,48.87753381,100,2020-04-09,79,"Ostalbkreis"
10.0901398,48.87753381,101,2020-04-10,58,"Ostalbkreis"
10.0901398,48.87753381,102,2020-04-11,163,"Ostalbkreis"
10.0901398,48.87753381,107,2020-04-16,44,"Ostalbkreis"
10.0901398,48.87753381,108,2020-04-17,95,"Ostalbkreis"
10.0901398,48.87753381,84,2020-03-24,33,"Ostalbkreis"
10.0901398,48.87753381,92,2020-04-01,39,"Ostalbkreis"
10.0901398,48.87753381,111,2020-04-20,43,"Ostalbkreis"
10.0901398,48.87753381,77,2020-03-17,47,"Ostalbkreis"
10.0901398,48.87753381,85,2020-03-25,33,"Ostalbkreis"
10.0901398,48.87753381,86,2020-03-26,33,"Ostalbkreis"
10.0901398,48.87753381,91,2020-03-31,33,"Ostalbkreis"
8.56279849,49.08190198,100,2020-04-09,58,"Karlsruhe"
8.56279849,49.08190198,94,2020-04-03,63,"Karlsruhe"
8.56279849,49.08190198,101,2020-04-10,46,"Karlsruhe"
8.56279849,49.08190198,88,2020-03-28,37,"Karlsruhe"
8.56279849,49.08190198,92,2020-04-01,31,"Karlsruhe"
8.56279849,49.08190198,93,2020-04-02,113,"Karlsruhe"
8.2412231,48.76183013,86,2020-03-26,33,"Rastatt"
8.2412231,48.76183013,82,2020-03-22,46,"Rastatt"
8.5003227,49.49941964,76,2020-03-16,32,"Mannheim"
8.5003227,49.49941964,83,2020-03-23,38,"Mannheim"
9.28010812,49.4666103,106,2020-04-15,51,"Neckar-Odenwald-Kreis"
8.76711212,49.3684866,83,2020-03-23,34,"Rhein-Neckar-Kreis"
8.76711212,49.3684866,80,2020-03-20,43,"Rhein-Neckar-Kreis"
8.76711212,49.3684866,84,2020-03-24,31,"Rhein-Neckar-Kreis"
8.76711212,49.3684866,91,2020-03-31,35,"Rhein-Neckar-Kreis"
8.76711212,49.3684866,87,2020-03-27,39,"Rhein-Neckar-Kreis"
8.76711212,49.3684866,78,2020-03-18,46,"Rhein-Neckar-Kreis"
8.76711212,49.3684866,81,2020-03-21,32,"Rhein-Neckar-Kreis"
8.76711212,49.3684866,85,2020-03-25,49,"Rhein-Neckar-Kreis"
8.76711212,49.3684866,86,2020-03-26,34,"Rhein-Neckar-Kreis"
8.76711212,49.3684866,88,2020-03-28,35,"Rhein-Neckar-Kreis"
8.76711212,49.3684866,89,2020-03-29,41,"Rhein-Neckar-Kreis"
8.76711212,49.3684866,90,2020-03-30,42,"Rhein-Neckar-Kreis"
8.76711212,49.3684866,93,2020-04-02,38,"Rhein-Neckar-Kreis"
8.71264083,48.87645555,107,2020-04-16,47,"Pforzheim"
8.63576411,48.67900424,94,2020-04-03,32,"Calw"
8.63576411,48.67900424,87,2020-03-27,31,"Calw"
8.63576411,48.67900424,102,2020-04-11,39,"Calw"
8.73709217,48.9144673,102,2020-04-11,37,"Enzkreis"
8.73709217,48.9144673,113,2020-04-22,41,"Enzkreis"
8.46530299,48.47439268,98,2020-04-07,51,"Freudenstadt"
8.46530299,48.47439268,94,2020-04-03,37,"Freudenstadt"
8.46530299,48.47439268,100,2020-04-09,48,"Freudenstadt"
8.46530299,48.47439268,110,2020-04-19,31,"Freudenstadt"
7.81804458,47.99257309,84,2020-03-24,43,"Freiburg i.Breisgau"
7.81804458,47.99257309,87,2020-03-27,37,"Freiburg i.Breisgau"
7.81804458,47.99257309,88,2020-03-28,33,"Freiburg i.Breisgau"
7.81804458,47.99257309,78,2020-03-18,38,"Freiburg i.Breisgau"
7.81804458,47.99257309,80,2020-03-20,43,"Freiburg i.Breisgau"
7.81804458,47.99257309,86,2020-03-26,42,"Freiburg i.Breisgau"
7.81804458,47.99257309,90,2020-03-30,34,"Freiburg i.Breisgau"
7.81804458,47.99257309,91,2020-03-31,45,"Freiburg i.Breisgau"
7.81804458,47.99257309,92,2020-04-01,52,"Freiburg i.Breisgau"
7.81804458,47.99257309,93,2020-04-02,42,"Freiburg i.Breisgau"
7.81804458,47.99257309,94,2020-04-03,52,"Freiburg i.Breisgau"
7.81804458,47.99257309,99,2020-04-08,43,"Freiburg i.Breisgau"
7.81804458,47.99257309,100,2020-04-09,45,"Freiburg i.Breisgau"
7.92495831,47.9249,99,2020-04-08,53,"Breisgau-Hochschwarzwald"
7.92495831,47.9249,78,2020-03-18,32,"Breisgau-Hochschwarzwald"
7.92495831,47.9249,93,2020-04-02,50,"Breisgau-Hochschwarzwald"
7.92495831,47.9249,107,2020-04-16,31,"Breisgau-Hochschwarzwald"
7.92495831,47.9249,87,2020-03-27,45,"Breisgau-Hochschwarzwald"
7.92495831,47.9249,88,2020-03-28,56,"Breisgau-Hochschwarzwald"
7.92495831,47.9249,84,2020-03-24,50,"Breisgau-Hochschwarzwald"
7.92495831,47.9249,90,2020-03-30,41,"Breisgau-Hochschwarzwald"
7.92495831,47.9249,91,2020-03-31,48,"Breisgau-Hochschwarzwald"
7.92495831,47.9249,92,2020-04-01,60,"Breisgau-Hochschwarzwald"
7.92495831,47.9249,94,2020-04-03,50,"Breisgau-Hochschwarzwald"
7.92495831,47.9249,98,2020-04-07,45,"Breisgau-Hochschwarzwald"
7.89757982,48.14849866,79,2020-03-19,33,"Emmendingen"
7.89757982,48.14849866,88,2020-03-28,35,"Emmendingen"
7.89757982,48.14849866,92,2020-04-01,35,"Emmendingen"
8.01622968,48.42096371,100,2020-04-09,31,"Ortenaukreis"
8.01622968,48.42096371,93,2020-04-02,82,"Ortenaukreis"
8.01622968,48.42096371,94,2020-04-03,48,"Ortenaukreis"
8.01622968,48.42096371,92,2020-04-01,72,"Ortenaukreis"
8.01622968,48.42096371,88,2020-03-28,49,"Ortenaukreis"
8.01622968,48.42096371,91,2020-03-31,39,"Ortenaukreis"
8.01622968,48.42096371,99,2020-04-08,54,"Ortenaukreis"
8.01622968,48.42096371,101,2020-04-10,45,"Ortenaukreis"
8.01622968,48.42096371,87,2020-03-27,34,"Ortenaukreis"
8.01622968,48.42096371,90,2020-03-30,37,"Ortenaukreis"
8.01622968,48.42096371,95,2020-04-04,32,"Ortenaukreis"
8.53236545,48.25421807,90,2020-03-30,31,"Rottweil"
8.53236545,48.25421807,93,2020-04-02,38,"Rottweil"
8.53236545,48.25421807,85,2020-03-25,32,"Rottweil"
8.53236545,48.25421807,94,2020-04-03,34,"Rottweil"
8.53236545,48.25421807,100,2020-04-09,41,"Rottweil"
8.53236545,48.25421807,101,2020-04-10,33,"Rottweil"
8.53236545,48.25421807,104,2020-04-13,32,"Rottweil"
8.79412643,48.01119886,87,2020-03-27,33,"Tuttlingen"
8.79412643,48.01119886,93,2020-04-02,41,"Tuttlingen"
8.79412643,48.01119886,85,2020-03-25,35,"Tuttlingen"
8.79412643,48.01119886,95,2020-04-04,34,"Tuttlingen"
8.79412643,48.01119886,116,2020-04-25,41,"Tuttlingen"
8.91016757,47.79822196,92,2020-04-01,36,"Konstanz"
8.91016757,47.79822196,90,2020-03-30,31,"Konstanz"
7.77402658,47.7035043,91,2020-03-31,44,"Lörrach"
7.77402658,47.7035043,88,2020-03-28,34,"Lörrach"
7.77402658,47.7035043,93,2020-04-02,33,"Lörrach"
7.77402658,47.7035043,94,2020-04-03,35,"Lörrach"
9.36569418,48.40646081,85,2020-03-25,35,"Reutlingen"
9.36569418,48.40646081,92,2020-04-01,53,"Reutlingen"
9.36569418,48.40646081,102,2020-04-11,77,"Reutlingen"
9.36569418,48.40646081,103,2020-04-12,114,"Reutlingen"
9.36569418,48.40646081,86,2020-03-26,34,"Reutlingen"
9.36569418,48.40646081,94,2020-04-03,62,"Reutlingen"
9.36569418,48.40646081,106,2020-04-15,40,"Reutlingen"
9.36569418,48.40646081,84,2020-03-24,55,"Reutlingen"
9.36569418,48.40646081,90,2020-03-30,54,"Reutlingen"
9.36569418,48.40646081,91,2020-03-31,61,"Reutlingen"
9.36569418,48.40646081,93,2020-04-02,93,"Reutlingen"
9.36569418,48.40646081,87,2020-03-27,43,"Reutlingen"
9.36569418,48.40646081,98,2020-04-07,46,"Reutlingen"
9.36569418,48.40646081,89,2020-03-29,34,"Reutlingen"
9.36569418,48.40646081,99,2020-04-08,48,"Reutlingen"
9.36569418,48.40646081,104,2020-04-13,59,"Reutlingen"
9.36569418,48.40646081,105,2020-04-14,41,"Reutlingen"
9.36569418,48.40646081,112,2020-04-21,39,"Reutlingen"
9.36569418,48.40646081,114,2020-04-23,33,"Reutlingen"
9.36569418,48.40646081,116,2020-04-25,34,"Reutlingen"
8.9876115,48.48174225,84,2020-03-24,184,"Tübingen"
8.9876115,48.48174225,85,2020-03-25,117,"Tübingen"
8.9876115,48.48174225,106,2020-04-15,32,"Tübingen"
8.9876115,48.48174225,83,2020-03-23,38,"Tübingen"
8.9876115,48.48174225,93,2020-04-02,49,"Tübingen"
8.9876115,48.48174225,94,2020-04-03,59,"Tübingen"
8.9876115,48.48174225,86,2020-03-26,48,"Tübingen"
8.9876115,48.48174225,87,2020-03-27,74,"Tübingen"
8.9876115,48.48174225,91,2020-03-31,61,"Tübingen"
8.9876115,48.48174225,96,2020-04-05,34,"Tübingen"
8.9876115,48.48174225,99,2020-04-08,32,"Tübingen"
8.9876115,48.48174225,100,2020-04-09,36,"Tübingen"
8.93746017,48.26724973,85,2020-03-25,58,"Zollernalbkreis"
8.93746017,48.26724973,95,2020-04-04,48,"Zollernalbkreis"
8.93746017,48.26724973,83,2020-03-23,42,"Zollernalbkreis"
8.93746017,48.26724973,86,2020-03-26,37,"Zollernalbkreis"
8.93746017,48.26724973,88,2020-03-28,61,"Zollernalbkreis"
8.93746017,48.26724973,114,2020-04-23,33,"Zollernalbkreis"
8.93746017,48.26724973,90,2020-03-30,40,"Zollernalbkreis"
8.93746017,48.26724973,91,2020-03-31,48,"Zollernalbkreis"
8.93746017,48.26724973,102,2020-04-11,38,"Zollernalbkreis"
8.93746017,48.26724973,110,2020-04-19,32,"Zollernalbkreis"
8.93746017,48.26724973,113,2020-04-22,37,"Zollernalbkreis"
9.82743004,48.40171329,94,2020-04-03,38,"Alb-Donau-Kreis"
9.82743004,48.40171329,86,2020-03-26,42,"Alb-Donau-Kreis"
9.82743004,48.40171329,129,2020-05-08,33,"Alb-Donau-Kreis"
9.7742822,48.10757541,94,2020-04-03,33,"Biberach"
9.7742822,48.10757541,84,2020-03-24,32,"Biberach"
9.7742822,48.10757541,85,2020-03-25,37,"Biberach"
9.40078923,47.73344928,84,2020-03-24,31,"Bodenseekreis"
9.40078923,47.73344928,85,2020-03-25,33,"Bodenseekreis"
9.77989149,47.82504636,84,2020-03-24,72,"Ravensburg"
9.77989149,47.82504636,83,2020-03-23,36,"Ravensburg"
9.77989149,47.82504636,85,2020-03-25,32,"Ravensburg"
9.24102029,48.03910937,92,2020-04-01,44,"Sigmaringen"
9.24102029,48.03910937,85,2020-03-25,36,"Sigmaringen"
9.24102029,48.03910937,105,2020-04-14,36,"Sigmaringen"
9.24102029,48.03910937,86,2020-03-26,44,"Sigmaringen"
9.24102029,48.03910937,87,2020-03-27,56,"Sigmaringen"
9.24102029,48.03910937,93,2020-04-02,46,"Sigmaringen"
9.24102029,48.03910937,84,2020-03-24,31,"Sigmaringen"
9.24102029,48.03910937,91,2020-03-31,49,"Sigmaringen"
11.39493047,48.75511759,94,2020-04-03,33,"Ingolstadt"
11.39493047,48.75511759,98,2020-04-07,41,"Ingolstadt"
11.54725483,48.15321126,76,2020-03-16,67,"München"
11.54725483,48.15321126,77,2020-03-17,144,"München"
11.54725483,48.15321126,78,2020-03-18,212,"München"
11.54725483,48.15321126,79,2020-03-19,173,"München"
11.54725483,48.15321126,80,2020-03-20,195,"München"
11.54725483,48.15321126,85,2020-03-25,240,"München"
11.54725483,48.15321126,86,2020-03-26,257,"München"
11.54725483,48.15321126,87,2020-03-27,258,"München"
11.54725483,48.15321126,88,2020-03-28,140,"München"
11.54725483,48.15321126,89,2020-03-29,178,"München"
11.54725483,48.15321126,91,2020-03-31,310,"München"
11.54725483,48.15321126,92,2020-04-01,230,"München"
11.54725483,48.15321126,94,2020-04-03,176,"München"
11.54725483,48.15321126,97,2020-04-06,117,"München"
11.54725483,48.15321126,101,2020-04-10,98,"München"
11.54725483,48.15321126,102,2020-04-11,105,"München"
11.54725483,48.15321126,105,2020-04-14,88,"München"
11.54725483,48.15321126,109,2020-04-18,46,"München"
11.54725483,48.15321126,112,2020-04-21,55,"München"
11.54725483,48.15321126,114,2020-04-23,77,"München"
11.54725483,48.15321126,117,2020-04-26,33,"München"
11.54725483,48.15321126,125,2020-05-04,34,"München"
11.54725483,48.15321126,151,2020-05-30,33,"München"
11.54725483,48.15321126,81,2020-03-21,176,"München"
11.54725483,48.15321126,84,2020-03-24,168,"München"
11.54725483,48.15321126,90,2020-03-30,114,"München"
11.54725483,48.15321126,96,2020-04-05,84,"München"
11.54725483,48.15321126,98,2020-04-07,141,"München"
11.54725483,48.15321126,104,2020-04-13,61,"München"
11.54725483,48.15321126,111,2020-04-20,31,"München"
11.54725483,48.15321126,118,2020-04-27,80,"München"
11.54725483,48.15321126,122,2020-05-01,59,"München"
11.54725483,48.15321126,123,2020-05-02,32,"München"
11.54725483,48.15321126,132,2020-05-11,61,"München"
11.54725483,48.15321126,70,2020-03-10,31,"München"
11.54725483,48.15321126,73,2020-03-13,47,"München"
11.54725483,48.15321126,95,2020-04-04,135,"München"
11.54725483,48.15321126,99,2020-04-08,156,"München"
11.54725483,48.15321126,100,2020-04-09,112,"München"
11.54725483,48.15321126,103,2020-04-12,72,"München"
11.54725483,48.15321126,106,2020-04-15,108,"München"
11.54725483,48.15321126,107,2020-04-16,94,"München"
11.54725483,48.15321126,108,2020-04-17,92,"München"
11.54725483,48.15321126,113,2020-04-22,58,"München"
11.54725483,48.15321126,120,2020-04-29,40,"München"
11.54725483,48.15321126,129,2020-05-08,45,"München"
11.54725483,48.15321126,147,2020-05-26,46,"München"
11.54725483,48.15321126,148,2020-05-27,34,"München"
11.54725483,48.15321126,74,2020-03-14,64,"München"
11.54725483,48.15321126,82,2020-03-22,88,"München"
11.54725483,48.15321126,93,2020-04-02,143,"München"
11.54725483,48.15321126,116,2020-04-25,47,"München"
11.54725483,48.15321126,119,2020-04-28,50,"München"
11.54725483,48.15321126,83,2020-03-23,94,"München"
11.54725483,48.15321126,110,2020-04-19,49,"München"
11.54725483,48.15321126,115,2020-04-24,56,"München"
11.54725483,48.15321126,121,2020-04-30,44,"München"
11.54725483,48.15321126,134,2020-05-13,35,"München"
12.10926149,47.84445498,114,2020-04-23,34,"Rosenheim"
12.7052813,48.20980376,99,2020-04-08,44,"Altötting"
12.7052813,48.20980376,97,2020-04-06,31,"Altötting"
12.7052813,48.20980376,92,2020-04-01,41,"Altötting"
12.7052813,48.20980376,107,2020-04-16,33,"Altötting"
11.35711068,48.33454593,92,2020-04-01,35,"Dachau"
11.35711068,48.33454593,85,2020-03-25,52,"Dachau"
11.35711068,48.33454593,86,2020-03-26,59,"Dachau"
11.35711068,48.33454593,94,2020-04-03,48,"Dachau"
11.35711068,48.33454593,91,2020-03-31,42,"Dachau"
11.35711068,48.33454593,98,2020-04-07,37,"Dachau"
11.35711068,48.33454593,93,2020-04-02,52,"Dachau"
11.35711068,48.33454593,99,2020-04-08,32,"Dachau"
11.35711068,48.33454593,100,2020-04-09,34,"Dachau"
12.0006394,48.3004063,85,2020-03-25,42,"Erding"
12.0006394,48.3004063,86,2020-03-26,37,"Erding"
12.0006394,48.3004063,87,2020-03-27,37,"Erding"
11.74065799,48.44735332,98,2020-04-07,31,"Freising"
11.74065799,48.44735332,100,2020-04-09,42,"Freising"
11.74065799,48.44735332,81,2020-03-21,42,"Freising"
11.74065799,48.44735332,88,2020-03-28,36,"Freising"
11.74065799,48.44735332,92,2020-04-01,62,"Freising"
11.74065799,48.44735332,93,2020-04-02,35,"Freising"
11.74065799,48.44735332,84,2020-03-24,37,"Freising"
11.74065799,48.44735332,87,2020-03-27,51,"Freising"
11.74065799,48.44735332,95,2020-04-04,35,"Freising"
11.74065799,48.44735332,94,2020-04-03,32,"Freising"
11.74065799,48.44735332,91,2020-03-31,35,"Freising"
11.20107331,48.18779189,85,2020-03-25,44,"Fürstenfeldbruck"
11.20107331,48.18779189,93,2020-04-02,61,"Fürstenfeldbruck"
11.20107331,48.18779189,80,2020-03-20,38,"Fürstenfeldbruck"
11.20107331,48.18779189,88,2020-03-28,55,"Fürstenfeldbruck"
11.20107331,48.18779189,95,2020-04-04,47,"Fürstenfeldbruck"
11.20107331,48.18779189,86,2020-03-26,55,"Fürstenfeldbruck"
11.20107331,48.18779189,91,2020-03-31,39,"Fürstenfeldbruck"
11.12959614,47.55635599,94,2020-04-03,39,"Garmisch-Partenkirchen"
10.94873714,48.02444572,86,2020-03-26,38,"Landsberg a.Lech"
11.80899897,47.74163066,88,2020-03-28,33,"Miesbach"
11.80899897,47.74163066,81,2020-03-21,47,"Miesbach"
12.38185189,48.2393371,93,2020-04-02,33,"Mühldorf a.Inn"
11.63136477,48.07446399,80,2020-03-20,55,"München"
11.63136477,48.07446399,95,2020-04-04,58,"München"
11.63136477,48.07446399,98,2020-04-07,32,"München"
11.63136477,48.07446399,79,2020-03-19,32,"München"
11.63136477,48.07446399,94,2020-04-03,58,"München"
11.63136477,48.07446399,85,2020-03-25,58,"München"
11.63136477,48.07446399,87,2020-03-27,88,"München"
11.63136477,48.07446399,91,2020-03-31,60,"München"
11.63136477,48.07446399,93,2020-04-02,43,"München"
11.63136477,48.07446399,99,2020-04-08,34,"München"
11.63136477,48.07446399,78,2020-03-18,31,"München"
11.63136477,48.07446399,81,2020-03-21,39,"München"
11.63136477,48.07446399,92,2020-04-01,63,"München"
11.63136477,48.07446399,83,2020-03-23,33,"München"
11.63136477,48.07446399,86,2020-03-26,45,"München"
11.63136477,48.07446399,101,2020-04-10,35,"München"
12.16275891,47.87841418,80,2020-03-20,58,"Rosenheim"
12.16275891,47.87841418,92,2020-04-01,121,"Rosenheim"
12.16275891,47.87841418,110,2020-04-19,42,"Rosenheim"
12.16275891,47.87841418,115,2020-04-24,39,"Rosenheim"
12.16275891,47.87841418,87,2020-03-27,88,"Rosenheim"
12.16275891,47.87841418,93,2020-04-02,111,"Rosenheim"
12.16275891,47.87841418,94,2020-04-03,67,"Rosenheim"
12.16275891,47.87841418,81,2020-03-21,47,"Rosenheim"
12.16275891,47.87841418,84,2020-03-24,109,"Rosenheim"
12.16275891,47.87841418,85,2020-03-25,126,"Rosenheim"
12.16275891,47.87841418,97,2020-04-06,54,"Rosenheim"
12.16275891,47.87841418,86,2020-03-26,117,"Rosenheim"
12.16275891,47.87841418,91,2020-03-31,96,"Rosenheim"
12.16275891,47.87841418,95,2020-04-04,58,"Rosenheim"
12.16275891,47.87841418,100,2020-04-09,61,"Rosenheim"
12.16275891,47.87841418,105,2020-04-14,70,"Rosenheim"
12.16275891,47.87841418,106,2020-04-15,59,"Rosenheim"
12.16275891,47.87841418,79,2020-03-19,41,"Rosenheim"
12.16275891,47.87841418,88,2020-03-28,46,"Rosenheim"
12.16275891,47.87841418,90,2020-03-30,33,"Rosenheim"
12.16275891,47.87841418,98,2020-04-07,70,"Rosenheim"
12.16275891,47.87841418,99,2020-04-08,56,"Rosenheim"
12.16275891,47.87841418,101,2020-04-10,55,"Rosenheim"
12.16275891,47.87841418,102,2020-04-11,33,"Rosenheim"
12.16275891,47.87841418,107,2020-04-16,46,"Rosenheim"
12.16275891,47.87841418,113,2020-04-22,31,"Rosenheim"
11.28172991,48.00604516,84,2020-03-24,34,"Starnberg"
11.28172991,48.00604516,85,2020-03-25,36,"Starnberg"
12.57953912,47.89454252,88,2020-03-28,36,"Traunstein"
12.57953912,47.89454252,100,2020-04-09,81,"Traunstein"
12.57953912,47.89454252,114,2020-04-23,39,"Traunstein"
12.57953912,47.89454252,85,2020-03-25,42,"Traunstein"
12.57953912,47.89454252,95,2020-04-04,67,"Traunstein"
12.57953912,47.89454252,98,2020-04-07,67,"Traunstein"
12.57953912,47.89454252,99,2020-04-08,33,"Traunstein"
12.57953912,47.89454252,106,2020-04-15,31,"Traunstein"
12.57953912,47.89454252,118,2020-04-27,45,"Traunstein"
12.57953912,47.89454252,90,2020-03-30,32,"Traunstein"
12.57953912,47.89454252,91,2020-03-31,32,"Traunstein"
12.57953912,47.89454252,94,2020-04-03,40,"Traunstein"
12.57953912,47.89454252,97,2020-04-06,33,"Traunstein"
12.57953912,47.89454252,101,2020-04-10,34,"Traunstein"
12.57953912,47.89454252,108,2020-04-17,43,"Traunstein"
12.57953912,47.89454252,113,2020-04-22,37,"Traunstein"
12.57953912,47.89454252,115,2020-04-24,34,"Traunstein"
12.57357072,48.88079177,106,2020-04-15,36,"Straubing"
11.85757577,48.82493163,92,2020-04-01,40,"Kelheim"
11.85757577,48.82493163,99,2020-04-08,34,"Kelheim"
12.19539758,48.55774919,93,2020-04-02,33,"Landshut"
12.19539758,48.55774919,86,2020-03-26,46,"Landshut"
12.19539758,48.55774919,92,2020-04-01,38,"Landshut"
12.19539758,48.55774919,98,2020-04-07,39,"Landshut"
13.36660507,48.55868039,115,2020-04-24,52,"Passau"
13.36660507,48.55868039,91,2020-03-31,36,"Passau"
12.86736073,48.42450937,91,2020-03-31,54,"Rottal-Inn"
12.86736073,48.42450937,85,2020-03-25,32,"Rottal-Inn"
12.86736073,48.42450937,86,2020-03-26,44,"Rottal-Inn"
12.86736073,48.42450937,93,2020-04-02,37,"Rottal-Inn"
12.86736073,48.42450937,96,2020-04-05,39,"Rottal-Inn"
12.86736073,48.42450937,97,2020-04-06,51,"Rottal-Inn"
12.58239174,48.89971253,91,2020-03-31,33,"Straubing-Bogen"
12.58239174,48.89971253,114,2020-04-23,34,"Straubing-Bogen"
12.58239174,48.89971253,135,2020-05-14,35,"Straubing-Bogen"
12.1136698,49.01304178,141,2020-05-20,37,"Regensburg"
12.1136698,49.01304178,145,2020-05-24,46,"Regensburg"
11.80095348,49.48675397,97,2020-04-06,34,"Amberg-Sulzbach"
11.80095348,49.48675397,99,2020-04-08,72,"Amberg-Sulzbach"
11.56655699,49.21596486,104,2020-04-13,35,"Neumarkt i.d.OPf."
12.09823541,49.68659077,95,2020-04-04,32,"Neustadt a.d.Waldnaab"
12.09823541,49.68659077,98,2020-04-07,48,"Neustadt a.d.Waldnaab"
12.09823541,49.68659077,99,2020-04-08,47,"Neustadt a.d.Waldnaab"
12.09823541,49.68659077,88,2020-03-28,56,"Neustadt a.d.Waldnaab"
12.09823541,49.68659077,92,2020-04-01,49,"Neustadt a.d.Waldnaab"
12.09823541,49.68659077,93,2020-04-02,42,"Neustadt a.d.Waldnaab"
12.09823541,49.68659077,94,2020-04-03,32,"Neustadt a.d.Waldnaab"
12.09823541,49.68659077,90,2020-03-30,32,"Neustadt a.d.Waldnaab"
12.09823541,49.68659077,91,2020-03-31,34,"Neustadt a.d.Waldnaab"
12.2524909,49.36854145,99,2020-04-08,46,"Schwandorf"
12.2524909,49.36854145,92,2020-04-01,33,"Schwandorf"
12.2524909,49.36854145,94,2020-04-03,33,"Schwandorf"
12.2524909,49.36854145,88,2020-03-28,32,"Schwandorf"
12.20034344,49.89939096,84,2020-03-24,31,"Tirschenreuth"
12.20034344,49.89939096,87,2020-03-27,89,"Tirschenreuth"
12.20034344,49.89939096,90,2020-03-30,55,"Tirschenreuth"
12.20034344,49.89939096,81,2020-03-21,67,"Tirschenreuth"
12.20034344,49.89939096,98,2020-04-07,59,"Tirschenreuth"
12.20034344,49.89939096,92,2020-04-01,103,"Tirschenreuth"
12.20034344,49.89939096,97,2020-04-06,64,"Tirschenreuth"
12.20034344,49.89939096,83,2020-03-23,31,"Tirschenreuth"
12.20034344,49.89939096,85,2020-03-25,31,"Tirschenreuth"
12.20034344,49.89939096,88,2020-03-28,55,"Tirschenreuth"
12.20034344,49.89939096,91,2020-03-31,32,"Tirschenreuth"
12.20034344,49.89939096,93,2020-04-02,64,"Tirschenreuth"
12.20034344,49.89939096,94,2020-04-03,54,"Tirschenreuth"
12.20034344,49.89939096,95,2020-04-04,33,"Tirschenreuth"
10.88366447,49.89342556,86,2020-03-26,31,"Bamberg"
11.55515476,49.88376431,86,2020-03-26,32,"Bayreuth"
10.94231564,50.26789335,104,2020-04-13,39,"Coburg"
11.81919074,50.27321035,93,2020-04-02,31,"Hof"
12.04187953,50.09014557,95,2020-04-04,41,"Wunsiedel i.Fichtelgebirge"
12.04187953,50.09014557,99,2020-04-08,36,"Wunsiedel i.Fichtelgebirge"
12.04187953,50.09014557,94,2020-04-03,66,"Wunsiedel i.Fichtelgebirge"
12.04187953,50.09014557,87,2020-03-27,32,"Wunsiedel i.Fichtelgebirge"
12.04187953,50.09014557,88,2020-03-28,33,"Wunsiedel i.Fichtelgebirge"
12.04187953,50.09014557,91,2020-03-31,38,"Wunsiedel i.Fichtelgebirge"
10.96548145,49.49141911,93,2020-04-02,35,"Fürth"
11.0827452,49.43623564,84,2020-03-24,34,"Nürnberg"
11.0827452,49.43623564,94,2020-04-03,39,"Nürnberg"
11.0827452,49.43623564,97,2020-04-06,37,"Nürnberg"
11.0827452,49.43623564,98,2020-04-07,46,"Nürnberg"
11.0827452,49.43623564,93,2020-04-02,56,"Nürnberg"
11.0827452,49.43623564,100,2020-04-09,52,"Nürnberg"
11.0827452,49.43623564,99,2020-04-08,34,"Nürnberg"
11.0827452,49.43623564,109,2020-04-18,31,"Nürnberg"
11.0827452,49.43623564,85,2020-03-25,36,"Nürnberg"
11.0827452,49.43623564,95,2020-04-04,56,"Nürnberg"
10.46814021,49.24815538,92,2020-04-01,38,"Ansbach"
10.84969119,49.44669215,91,2020-03-31,49,"Fürth"
10.84969119,49.44669215,94,2020-04-03,41,"Fürth"
10.84969119,49.44669215,90,2020-03-30,33,"Fürth"
11.36940294,49.49190369,93,2020-04-02,31,"Nürnberger Land"
11.36940294,49.49190369,92,2020-04-01,40,"Nürnberger Land"
11.36940294,49.49190369,94,2020-04-03,33,"Nürnberger Land"
11.36940294,49.49190369,99,2020-04-08,32,"Nürnberger Land"
10.89365078,49.03268078,100,2020-04-09,43,"Weißenburg-Gunzenhausen"
9.94087352,49.78466315,86,2020-03-26,31,"Würzburg"
9.94087352,49.78466315,91,2020-03-31,36,"Würzburg"
9.23799376,50.00810837,101,2020-04-10,34,"Aschaffenburg"
10.25996294,50.01686932,88,2020-03-28,41,"Schweinfurt"
10.25996294,50.01686932,100,2020-04-09,36,"Schweinfurt"
11.0527562,48.42757441,162,2020-06-10,41,"Aichach-Friedberg"
10.63967908,47.76998873,93,2020-04-02,42,"Ostallgäu"
10.63967908,47.76998873,91,2020-03-31,32,"Ostallgäu"
6.95730354,49.25137892,92,2020-04-01,61,"Stadtverband Saarbrücken"
6.95730354,49.25137892,93,2020-04-02,117,"Stadtverband Saarbrücken"
6.95730354,49.25137892,100,2020-04-09,63,"Stadtverband Saarbrücken"
6.95730354,49.25137892,101,2020-04-10,61,"Stadtverband Saarbrücken"
6.95730354,49.25137892,91,2020-03-31,68,"Stadtverband Saarbrücken"
6.95730354,49.25137892,88,2020-03-28,43,"Stadtverband Saarbrücken"
6.95730354,49.25137892,95,2020-04-04,37,"Stadtverband Saarbrücken"
6.95730354,49.25137892,96,2020-04-05,64,"Stadtverband Saarbrücken"
6.95730354,49.25137892,97,2020-04-06,39,"Stadtverband Saarbrücken"
6.95730354,49.25137892,98,2020-04-07,33,"Stadtverband Saarbrücken"
6.95730354,49.25137892,99,2020-04-08,85,"Stadtverband Saarbrücken"
6.77557827,49.35533745,95,2020-04-04,45,"Saarlouis"
6.77557827,49.35533745,91,2020-03-31,31,"Saarlouis"
13.36590121,52.53287524,86,2020-03-26,52,"Berlin Mitte"
13.36590121,52.53287524,97,2020-04-06,36,"Berlin Mitte"
13.36590121,52.53287524,93,2020-04-02,35,"Berlin Mitte"
13.36590121,52.53287524,87,2020-03-27,46,"Berlin Mitte"
13.36590121,52.53287524,91,2020-03-31,46,"Berlin Mitte"
13.36590121,52.53287524,98,2020-04-07,32,"Berlin Mitte"
13.36590121,52.53287524,102,2020-04-11,33,"Berlin Mitte"
13.42824263,52.50381512,171,2020-06-19,35,"Berlin Friedrichshain-Kreuzberg"
13.42824263,52.50381512,85,2020-03-25,46,"Berlin Friedrichshain-Kreuzberg"
13.44024936,52.59719211,108,2020-04-17,31,"Berlin Pankow"
13.44024936,52.59719211,86,2020-03-26,38,"Berlin Pankow"
13.44024936,52.59719211,87,2020-03-27,32,"Berlin Pankow"
13.44024936,52.59719211,94,2020-04-03,37,"Berlin Pankow"
13.27023028,52.50104015,98,2020-04-07,41,"Berlin Charlottenburg-Wilmersdorf"
13.27023028,52.50104015,90,2020-03-30,37,"Berlin Charlottenburg-Wilmersdorf"
13.27023028,52.50104015,86,2020-03-26,44,"Berlin Charlottenburg-Wilmersdorf"
13.27023028,52.50104015,85,2020-03-25,37,"Berlin Charlottenburg-Wilmersdorf"
13.27023028,52.50104015,93,2020-04-02,31,"Berlin Charlottenburg-Wilmersdorf"
13.2390758,52.43484357,88,2020-03-28,40,"Berlin Steglitz-Zehlendorf"
13.3807327,52.44112222,94,2020-04-03,31,"Berlin Tempelhof-Schöneberg"
13.45496658,52.44107869,88,2020-03-28,40,"Berlin Neukölln"
13.45496658,52.44107869,162,2020-06-10,34,"Berlin Neukölln"
13.45496658,52.44107869,93,2020-04-02,32,"Berlin Neukölln"
13.45496658,52.44107869,92,2020-04-01,35,"Berlin Neukölln"
13.45496658,52.44107869,94,2020-04-03,36,"Berlin Neukölln"
13.45496658,52.44107869,85,2020-03-25,31,"Berlin Neukölln"
13.02871262,52.42615898,101,2020-04-10,49,"Potsdam"
13.02871262,52.42615898,90,2020-03-30,33,"Potsdam"
13.02871262,52.42615898,94,2020-04-03,40,"Potsdam"
13.02871262,52.42615898,108,2020-04-17,41,"Potsdam"
13.02871262,52.42615898,98,2020-04-07,35,"Potsdam"
13.02871262,52.42615898,99,2020-04-08,63,"Potsdam"
13.70372646,52.82322649,100,2020-04-09,53,"Barnim"
13.20529359,52.90682433,109,2020-04-18,40,"Oberhavel"
12.68916767,52.24630608,93,2020-04-02,38,"Potsdam-Mittelmark"
12.68916767,52.24630608,94,2020-04-03,31,"Potsdam-Mittelmark"
12.94508712,50.60889702,101,2020-04-10,36,"Erzgebirgskreis"
12.94508712,50.60889702,91,2020-03-31,39,"Erzgebirgskreis"
12.94508712,50.60889702,93,2020-04-02,83,"Erzgebirgskreis"
12.23499468,50.4567978,103,2020-04-12,39,"Vogtlandkreis"
12.52580634,50.7507535,88,2020-03-28,35,"Zwickau"
12.52580634,50.7507535,78,2020-03-18,32,"Zwickau"
12.52580634,50.7507535,79,2020-03-19,42,"Zwickau"
12.52580634,50.7507535,94,2020-04-03,40,"Zwickau"
12.52580634,50.7507535,99,2020-04-08,41,"Zwickau"
12.52580634,50.7507535,84,2020-03-24,31,"Zwickau"
12.52580634,50.7507535,93,2020-04-02,42,"Zwickau"
13.78344382,51.06645315,87,2020-03-27,36,"Dresden"
13.78344382,51.06645315,81,2020-03-21,35,"Dresden"
13.78344382,51.06645315,84,2020-03-24,41,"Dresden"
13.78344382,51.06645315,86,2020-03-26,34,"Dresden"
14.75080399,51.22561918,94,2020-04-03,57,"Görlitz"
10.95855929,51.82130296,108,2020-04-17,45,"Harz"
12.07407589,50.7484495,107,2020-04-16,32,"Greiz"
